﻿<?xml version="1.0" encoding="utf-8"?>
<deployment>
  <id>c5d8a05f-53c4-4b8f-a5fa-89d278a37a1f</id>
  <author>N/A</author>
  <deployer>OneDeploy</deployer>
  <authorEmail>N/A</authorEmail>
  <message>OneDeploy</message>
  <progress></progress>
  <status>Failed</status>
  <statusText></statusText>
  <lastSuccessEndTime />
  <receivedTime>2026-01-02T08:27:45.271516Z</receivedTime>
  <startTime>2026-01-02T08:27:46.9100691Z</startTime>
  <endTime>2026-01-02T08:31:13.6587671Z</endTime>
  <complete>True</complete>
  <is_temp>False</is_temp>
  <is_readonly>True</is_readonly>
  <buildSummary />
</deployment>