<step title="Incoming Request" date="2026-01-02T08:27:41.349" instance="7394f0" url="/api/publish?type=zip" method="POST" type="request" pid="833,1,21" Accept="*/*" Host="pipr-app.scm.azurewebsites.net" User-Agent="AZURECLI/2.75.0 (MSI)" Accept-Encoding="gzip, deflate" Authorization="Bea..." Cache-Control="no-cache" Content-Type="application/octet-stream" Cookie="ARRAffinity=7394f0e5216b0afbb461a38e3354dc7b562f137c3c859bfa9a02feb0b4185e26; ARRAffinitySameSite=7394f0e5216b0afbb461a38e3354dc7b562f137c3c859bfa9a02feb0b4185e26" Content-Length="72375" x-ms-client-request-id="d93ea0cf-e7b4-11f0-8233-010101010000" x-ms-artifact-checksum="0ec1bcfd42f8a54af4f0abff932f6391fd3b9099f1c19b4f2dd4566d26ef95d8" X-ARR-LOG-ID="d93ea0cf-e7b4-11f0-8233-010101010000" CLIENT-IP="20.110.218.7:11139" X-SITE-DEPLOYMENT-ID="pipr-app" WAS-DEFAULT-HOSTNAME="pipr-app.scm.azurewebsites.net" X-Forwarded-Proto="https" X-AppService-Proto="https" X-Forwarded-TlsVersion="1.3" X-WAWS-Unencoded-URL="/api/publish?type=zip" X-Client-IP="20.110.218.7" X-Client-Port="11139" >
  <step title="OneDeploy" date="2026-01-02T08:27:41.369" >
    <step title="Starting PushDeployAsync" date="2026-01-02T08:27:41.377" /><!-- duration: 5ms -->
    <step title="Writing artifact to /tmp/zipdeploy/54f0cea3-1f0f-4d0b-ae8b-ccfbd8015be4.zip" date="2026-01-02T08:27:41.392" >
      <step title="Writing multipart request body to /tmp/zipdeploy/54f0cea3-1f0f-4d0b-ae8b-ccfbd8015be4.zip" date="2026-01-02T08:27:41.398" /><!-- duration: 11ms -->
    </step><!-- duration: 38ms -->
    <step title="Attempting to fetch target branch HEAD" date="2026-01-02T08:27:41.453" /><!-- duration: 4ms -->
    <step title="Acquiring Deployment Lock" date="2026-01-02T08:27:41.461" /><!-- duration: 5ms -->
    <step title="Acquired Deployment Lock" date="2026-01-02T08:27:41.502" /><!-- duration: 4ms -->
    <step title="Performing fetch based deployment" date="2026-01-02T08:27:41.521" >
      <step title="Creating temporary deployment" date="2026-01-02T08:27:41.525" /><!-- duration: 50ms -->
      <step title="Releasing Deployment Lock" date="2026-01-02T08:27:42.749" /><!-- duration: 18ms -->
      <step title="Cleaning up temp folders from previous zip deployments and extracting pushed zip file /tmp/zipdeploy/54f0cea3-1f0f-4d0b-ae8b-ccfbd8015be4.zip (0.07 MB) to /tmp/zipdeploy/extracted" date="2026-01-02T08:27:42.854" >
        <step title="ChmodRecursive Process exited with total time taken in ms: 50" date="2026-01-02T08:27:42.993" /><!-- duration: 8ms -->
      </step><!-- duration: 153ms -->
      <step title="None repository commit" date="2026-01-02T08:27:43.019" >
        <step title="Commit id: c5d8a05f-53c4-4b8f-a5fa-89d278a37a1f" date="2026-01-02T08:27:43.025" Message="OneDeploy" AuthorName="N/A" AuthorEmail="N/A" /><!-- duration: 3ms -->
      </step><!-- duration: 13ms -->
      <step title="Deployment timer started" date="2026-01-02T08:27:45.050" >
        <step title="DeploymentManager.Deploy(id:c5d8a05f-53c4-4b8f-a5fa-89d278a37a1f)" date="2026-01-02T08:27:45.064" >
          <step title="Collecting changeset information" date="2026-01-02T08:27:45.183" /><!-- duration: 205ms -->
          <step title="Updating submodules" date="2026-01-02T08:27:45.408" /><!-- duration: 1331ms -->
          <step title="Determining deployment builder" date="2026-01-02T08:27:46.993" >
            <step title="Builder is OryxBuilder" date="2026-01-02T08:27:47.011" /><!-- duration: 3ms -->
          </step><!-- duration: 27ms -->
          <step title="PreDeployment: context.CleanOutputPath False" date="2026-01-02T08:27:47.078" >
            <step title="PreDeployment: context.OutputPath /home/site/wwwroot" date="2026-01-02T08:27:47.254" >
              <step title="Building" date="2026-01-02T08:27:47.457" >
                <step title="Executing external process" date="2026-01-02T08:27:47.956" type="process" path="bash" arguments="-c &quot;oryx build /tmp/zipdeploy/extracted -o /home/site/wwwroot --platform nodejs --platform-version 20 -p virtualenv_name= --log-file /tmp/build-debug.log  -i /tmp/8de49d8cf256720 -p compress_node_modules=tar-gz | tee /tmp/oryx-build.log ; exit $PIPESTATUS &quot;" >
                  <step title="Cpu: npm install(1333,24.800s)+build.sh(1250,0.040s)+oryx(1229,8.660s)+tee(1230,0.000s)+bash(1228,0.000s)=total(33.490s)" date="2026-01-02T08:28:58.906" /><!-- duration: 13ms -->
                  <step title="bash: no io activity for 60s, prev-cpu=-1.000s, current-cpu=33.490s" date="2026-01-02T08:28:58.947" /><!-- duration: 11ms -->
                  <step title="Cpu: node(1413,0.380s)+node(1399,8.210s)+node(1388,0.150s)+sh(1387,0.030s)+npm install(1333,47.130s)+build.sh(1250,0.040s)+oryx(1229,8.970s)+tee(1230,0.000s)+bash(1228,0.000s)=total(64.810s)" date="2026-01-02T08:30:00.768" /><!-- duration: 70ms -->
                  <step title="bash: no io activity for 121s, prev-cpu=33.490s, current-cpu=64.810s" date="2026-01-02T08:30:00.917" /><!-- duration: 37ms -->
                  <step title="Process dump" date="2026-01-02T08:31:11.826" exitCode="1" type="processOutput" /><!-- duration: 9ms -->
                </step><!-- duration: 203887ms -->
                <step title="Error occurred" date="2026-01-02T08:31:11.900" type="error" text="Failed to compile.

app/layout.tsx
An error occurred in `next/font`.

Error: Cannot find module &apos;tailwindcss&apos;
Require stack:
- /tmp/8de49d8cf256720/node_modules/next/dist/build/webpack/config/blocks/css/plugins.js
- /tmp/8de49d8cf256720/node_modules/next/dist/build/webpack/config/blocks/css/index.js
- /tmp/8de49d8cf256720/node_modules/next/dist/build/webpack/config/index.js
- /tmp/8de49d8cf256720/node_modules/next/dist/build/webpack-config.js
- /tmp/8de49d8cf256720/node_modules/next/dist/build/webpack-build/impl.js
- /tmp/8de49d8cf256720/node_modules/next/dist/compiled/jest-worker/processChild.js
    at Module._resolveFilename (node:internal/modules/cjs/loader:1207:15)
    at /tmp/8de49d8cf256720/node_modules/next/dist/server/require-hook.js:55:36
    at Function.resolve (node:internal/modules/helpers:193:19)
    at loadPlugin (/tmp/8de49d8cf256720/node_modules/next/dist/build/webpack/config/blocks/css/plugins.js:49:32)
    at /tmp/8de49d8cf256720/node_modules/next/dist/build/webpack/config/blocks/css/plugins.js:157:56
    at Array.map (&lt;anonymous&gt;)
    at getPostCssPlugins (/tmp/8de49d8cf256720/node_modules/next/dist/build/webpack/config/blocks/css/plugins.js:157:47)
    at async /tmp/8de49d8cf256720/node_modules/next/dist/build/webpack/config/blocks/css/index.js:124:36
    at async /tmp/8de49d8cf256720/node_modules/next/dist/build/webpack/loaders/next-font-loader/index.js:86:33
    at async Span.traceAsyncFn (/tmp/8de49d8cf256720/node_modules/next/dist/trace/trace.js:154:20)

./app/add-bottle/page.tsx
Module not found: Can&apos;t resolve &apos;@/components/ui/icons&apos;

https://nextjs.org/docs/messages/module-not-found

./app/history/page.tsx
Module not found: Can&apos;t resolve &apos;@/components/ui/icons&apos;

https://nextjs.org/docs/messages/module-not-found

./app/settings/page.tsx
Module not found: Can&apos;t resolve &apos;@/components/ui/icons&apos;

https://nextjs.org/docs/messages/module-not-found

./app/settings/page.tsx
Module not found: Can&apos;t resolve &apos;@/providers/theme-provider&apos;

https://nextjs.org/docs/messages/module-not-found


&gt; Build failed because of webpack errors
/bin/bash -c &quot;oryx build /tmp/zipdeploy/extracted -o /home/site/wwwroot --platform nodejs --platform-version 20 -p virtualenv_name= --log-file /tmp/build-debug.log  -i /tmp/8de49d8cf256720 -p compress_node_modules=tar-gz | tee /tmp/oryx-build.log ; exit $PIPESTATUS &quot;" stackTrace="   at Kudu.Core.Infrastructure.Executable.ExecuteInternal(ITracer tracer, Func`2 onWriteOutput, Func`2 onWriteError, CancellationToken token, Encoding encoding, String arguments, Object[] args) in /tmp/KuduLite/Kudu.Core/Infrastructure/Executable.cs:line 239
   at Kudu.Core.Infrastructure.Executable.ExecuteWithProgressWriter(ILogger logger, ITracer tracer, CancellationToken token, String arguments, Object[] args) in /tmp/KuduLite/Kudu.Core/Infrastructure/Executable.cs:line 118
   at Kudu.Core.Deployment.Generator.ExternalCommandBuilder.RunCommand(DeploymentContext context, String command, Boolean ignoreManifest, CancellationToken token, String message) in /tmp/KuduLite/Kudu.Core/Deployment/Generator/ExternalCommandBuilder.cs:line 122" /><!-- duration: 6ms -->
                <step title="Error occurred" date="2026-01-02T08:31:11.998" type="error" text="Failed to compile.

app/layout.tsx
An error occurred in `next/font`.

Error: Cannot find module &apos;tailwindcss&apos;
Require stack:
- /tmp/8de49d8cf256720/node_modules/next/dist/build/webpack/config/blocks/css/plugins.js
- /tmp/8de49d8cf256720/node_modules/next/dist/build/webpack/config/blocks/css/index.js
- /tmp/8de49d8cf256720/node_modules/next/dist/build/webpack/config/index.js
- /tmp/8de49d8cf256720/node_modules/next/dist/build/webpack-config.js
- /tmp/8de49d8cf256720/node_modules/next/dist/build/webpack-build/impl.js
- /tmp/8de49d8cf256720/node_modules/next/dist/compiled/jest-worker/processChild.js
    at Module._resolveFilename (node:internal/modules/cjs/loader:1207:15)
    at /tmp/8de49d8cf256720/node_modules/next/dist/server/require-hook.js:55:36
    at Function.resolve (node:internal/modules/helpers:193:19)
    at loadPlugin (/tmp/8de49d8cf256720/node_modules/next/dist/build/webpack/config/blocks/css/plugins.js:49:32)
    at /tmp/8de49d8cf256720/node_modules/next/dist/build/webpack/config/blocks/css/plugins.js:157:56
    at Array.map (&lt;anonymous&gt;)
    at getPostCssPlugins (/tmp/8de49d8cf256720/node_modules/next/dist/build/webpack/config/blocks/css/plugins.js:157:47)
    at async /tmp/8de49d8cf256720/node_modules/next/dist/build/webpack/config/blocks/css/index.js:124:36
    at async /tmp/8de49d8cf256720/node_modules/next/dist/build/webpack/loaders/next-font-loader/index.js:86:33
    at async Span.traceAsyncFn (/tmp/8de49d8cf256720/node_modules/next/dist/trace/trace.js:154:20)

./app/add-bottle/page.tsx
Module not found: Can&apos;t resolve &apos;@/components/ui/icons&apos;

https://nextjs.org/docs/messages/module-not-found

./app/history/page.tsx
Module not found: Can&apos;t resolve &apos;@/components/ui/icons&apos;

https://nextjs.org/docs/messages/module-not-found

./app/settings/page.tsx
Module not found: Can&apos;t resolve &apos;@/components/ui/icons&apos;

https://nextjs.org/docs/messages/module-not-found

./app/settings/page.tsx
Module not found: Can&apos;t resolve &apos;@/providers/theme-provider&apos;

https://nextjs.org/docs/messages/module-not-found


&gt; Build failed because of webpack errors
/bin/bash -c &quot;oryx build /tmp/zipdeploy/extracted -o /home/site/wwwroot --platform nodejs --platform-version 20 -p virtualenv_name= --log-file /tmp/build-debug.log  -i /tmp/8de49d8cf256720 -p compress_node_modules=tar-gz | tee /tmp/oryx-build.log ; exit $PIPESTATUS &quot;" stackTrace="   at Kudu.Core.Infrastructure.Executable.ExecuteInternal(ITracer tracer, Func`2 onWriteOutput, Func`2 onWriteError, CancellationToken token, Encoding encoding, String arguments, Object[] args) in /tmp/KuduLite/Kudu.Core/Infrastructure/Executable.cs:line 239
   at Kudu.Core.Infrastructure.Executable.ExecuteWithProgressWriter(ILogger logger, ITracer tracer, CancellationToken token, String arguments, Object[] args) in /tmp/KuduLite/Kudu.Core/Infrastructure/Executable.cs:line 118
   at Kudu.Core.Deployment.Generator.ExternalCommandBuilder.RunCommand(DeploymentContext context, String command, Boolean ignoreManifest, CancellationToken token, String message) in /tmp/KuduLite/Kudu.Core/Deployment/Generator/ExternalCommandBuilder.cs:line 122
   at Kudu.Core.Deployment.Generator.OryxBuilder.RunBuildCommand(IOryxArguments args, DeploymentContext context, CancellationToken token) in /tmp/KuduLite/Kudu.Core/Deployment/Generator/OryxBuilder.cs:line 295
   at Kudu.Core.Deployment.Generator.OryxBuilder.Build(DeploymentContext context, CancellationToken token) in /tmp/KuduLite/Kudu.Core/Deployment/Generator/OryxBuilder.cs:line 136
   at Kudu.Core.Deployment.DeploymentManager.Build(ChangeSet changeSet, ITracer tracer, IDisposable deployStep, IRepository repository, DeploymentInfoBase deploymentInfo, DeploymentAnalytics deploymentAnalytics, Boolean fullBuildByDefault, CancellationToken cancellationToken) in /tmp/KuduLite/Kudu.Core/Deployment/DeploymentManager.cs:line 771" /><!-- duration: 8ms -->
                <step title="Using GenericDeploymentLogParser" date="2026-01-02T08:31:12.371" /><!-- duration: 4ms -->
                <step title="Purge deployment items" date="2026-01-02T08:31:14.021" >
                  <step title="Remove f65a9053-, Failed, received at 01/02/2026 08:20:27" date="2026-01-02T08:31:14.101" /><!-- duration: 4ms -->
                </step><!-- duration: 87ms -->
              </step><!-- duration: 206656ms -->
            </step><!-- duration: 206863ms -->
            <step title="Error occurred" date="2026-01-02T08:31:14.122" type="error" text="Failed to compile.

app/layout.tsx
An error occurred in `next/font`.

Error: Cannot find module &apos;tailwindcss&apos;
Require stack:
- /tmp/8de49d8cf256720/node_modules/next/dist/build/webpack/config/blocks/css/plugins.js
- /tmp/8de49d8cf256720/node_modules/next/dist/build/webpack/config/blocks/css/index.js
- /tmp/8de49d8cf256720/node_modules/next/dist/build/webpack/config/index.js
- /tmp/8de49d8cf256720/node_modules/next/dist/build/webpack-config.js
- /tmp/8de49d8cf256720/node_modules/next/dist/build/webpack-build/impl.js
- /tmp/8de49d8cf256720/node_modules/next/dist/compiled/jest-worker/processChild.js
    at Module._resolveFilename (node:internal/modules/cjs/loader:1207:15)
    at /tmp/8de49d8cf256720/node_modules/next/dist/server/require-hook.js:55:36
    at Function.resolve (node:internal/modules/helpers:193:19)
    at loadPlugin (/tmp/8de49d8cf256720/node_modules/next/dist/build/webpack/config/blocks/css/plugins.js:49:32)
    at /tmp/8de49d8cf256720/node_modules/next/dist/build/webpack/config/blocks/css/plugins.js:157:56
    at Array.map (&lt;anonymous&gt;)
    at getPostCssPlugins (/tmp/8de49d8cf256720/node_modules/next/dist/build/webpack/config/blocks/css/plugins.js:157:47)
    at async /tmp/8de49d8cf256720/node_modules/next/dist/build/webpack/config/blocks/css/index.js:124:36
    at async /tmp/8de49d8cf256720/node_modules/next/dist/build/webpack/loaders/next-font-loader/index.js:86:33
    at async Span.traceAsyncFn (/tmp/8de49d8cf256720/node_modules/next/dist/trace/trace.js:154:20)

./app/add-bottle/page.tsx
Module not found: Can&apos;t resolve &apos;@/components/ui/icons&apos;

https://nextjs.org/docs/messages/module-not-found

./app/history/page.tsx
Module not found: Can&apos;t resolve &apos;@/components/ui/icons&apos;

https://nextjs.org/docs/messages/module-not-found

./app/settings/page.tsx
Module not found: Can&apos;t resolve &apos;@/components/ui/icons&apos;

https://nextjs.org/docs/messages/module-not-found

./app/settings/page.tsx
Module not found: Can&apos;t resolve &apos;@/providers/theme-provider&apos;

https://nextjs.org/docs/messages/module-not-found


&gt; Build failed because of webpack errors
/bin/bash -c &quot;oryx build /tmp/zipdeploy/extracted -o /home/site/wwwroot --platform nodejs --platform-version 20 -p virtualenv_name= --log-file /tmp/build-debug.log  -i /tmp/8de49d8cf256720 -p compress_node_modules=tar-gz | tee /tmp/oryx-build.log ; exit $PIPESTATUS &quot;" stackTrace="   at Kudu.Core.Infrastructure.Executable.ExecuteInternal(ITracer tracer, Func`2 onWriteOutput, Func`2 onWriteError, CancellationToken token, Encoding encoding, String arguments, Object[] args) in /tmp/KuduLite/Kudu.Core/Infrastructure/Executable.cs:line 239
   at Kudu.Core.Infrastructure.Executable.ExecuteWithProgressWriter(ILogger logger, ITracer tracer, CancellationToken token, String arguments, Object[] args) in /tmp/KuduLite/Kudu.Core/Infrastructure/Executable.cs:line 118
   at Kudu.Core.Deployment.Generator.ExternalCommandBuilder.RunCommand(DeploymentContext context, String command, Boolean ignoreManifest, CancellationToken token, String message) in /tmp/KuduLite/Kudu.Core/Deployment/Generator/ExternalCommandBuilder.cs:line 122
   at Kudu.Core.Deployment.Generator.OryxBuilder.RunBuildCommand(IOryxArguments args, DeploymentContext context, CancellationToken token) in /tmp/KuduLite/Kudu.Core/Deployment/Generator/OryxBuilder.cs:line 295
   at Kudu.Core.Deployment.Generator.OryxBuilder.Build(DeploymentContext context, CancellationToken token) in /tmp/KuduLite/Kudu.Core/Deployment/Generator/OryxBuilder.cs:line 136
   at Kudu.Core.Deployment.DeploymentManager.Build(ChangeSet changeSet, ITracer tracer, IDisposable deployStep, IRepository repository, DeploymentInfoBase deploymentInfo, DeploymentAnalytics deploymentAnalytics, Boolean fullBuildByDefault, CancellationToken cancellationToken) in /tmp/KuduLite/Kudu.Core/Deployment/DeploymentManager.cs:line 771
   at Kudu.Core.Deployment.DeploymentManager.Build(ChangeSet changeSet, ITracer tracer, IDisposable deployStep, IRepository repository, DeploymentInfoBase deploymentInfo, DeploymentAnalytics deploymentAnalytics, Boolean fullBuildByDefault, CancellationToken cancellationToken) in /tmp/KuduLite/Kudu.Core/Deployment/DeploymentManager.cs:line 840" /><!-- duration: 5ms -->
            <step title="Cleaning up temp files" date="2026-01-02T08:31:14.428" /><!-- duration: 2952ms -->
            <step title="Cleaning up temp files" date="2026-01-02T08:31:17.391" /><!-- duration: 512ms -->
            <step title="Error occurred" date="2026-01-02T08:31:18.255" type="error" text="Failed to compile.

app/layout.tsx
An error occurred in `next/font`.

Error: Cannot find module &apos;tailwindcss&apos;
Require stack:
- /tmp/8de49d8cf256720/node_modules/next/dist/build/webpack/config/blocks/css/plugins.js
- /tmp/8de49d8cf256720/node_modules/next/dist/build/webpack/config/blocks/css/index.js
- /tmp/8de49d8cf256720/node_modules/next/dist/build/webpack/config/index.js
- /tmp/8de49d8cf256720/node_modules/next/dist/build/webpack-config.js
- /tmp/8de49d8cf256720/node_modules/next/dist/build/webpack-build/impl.js
- /tmp/8de49d8cf256720/node_modules/next/dist/compiled/jest-worker/processChild.js
    at Module._resolveFilename (node:internal/modules/cjs/loader:1207:15)
    at /tmp/8de49d8cf256720/node_modules/next/dist/server/require-hook.js:55:36
    at Function.resolve (node:internal/modules/helpers:193:19)
    at loadPlugin (/tmp/8de49d8cf256720/node_modules/next/dist/build/webpack/config/blocks/css/plugins.js:49:32)
    at /tmp/8de49d8cf256720/node_modules/next/dist/build/webpack/config/blocks/css/plugins.js:157:56
    at Array.map (&lt;anonymous&gt;)
    at getPostCssPlugins (/tmp/8de49d8cf256720/node_modules/next/dist/build/webpack/config/blocks/css/plugins.js:157:47)
    at async /tmp/8de49d8cf256720/node_modules/next/dist/build/webpack/config/blocks/css/index.js:124:36
    at async /tmp/8de49d8cf256720/node_modules/next/dist/build/webpack/loaders/next-font-loader/index.js:86:33
    at async Span.traceAsyncFn (/tmp/8de49d8cf256720/node_modules/next/dist/trace/trace.js:154:20)

./app/add-bottle/page.tsx
Module not found: Can&apos;t resolve &apos;@/components/ui/icons&apos;

https://nextjs.org/docs/messages/module-not-found

./app/history/page.tsx
Module not found: Can&apos;t resolve &apos;@/components/ui/icons&apos;

https://nextjs.org/docs/messages/module-not-found

./app/settings/page.tsx
Module not found: Can&apos;t resolve &apos;@/components/ui/icons&apos;

https://nextjs.org/docs/messages/module-not-found

./app/settings/page.tsx
Module not found: Can&apos;t resolve &apos;@/providers/theme-provider&apos;

https://nextjs.org/docs/messages/module-not-found


&gt; Build failed because of webpack errors
/bin/bash -c &quot;oryx build /tmp/zipdeploy/extracted -o /home/site/wwwroot --platform nodejs --platform-version 20 -p virtualenv_name= --log-file /tmp/build-debug.log  -i /tmp/8de49d8cf256720 -p compress_node_modules=tar-gz | tee /tmp/oryx-build.log ; exit $PIPESTATUS &quot;" stackTrace="   at Kudu.Core.Infrastructure.Executable.ExecuteInternal(ITracer tracer, Func`2 onWriteOutput, Func`2 onWriteError, CancellationToken token, Encoding encoding, String arguments, Object[] args) in /tmp/KuduLite/Kudu.Core/Infrastructure/Executable.cs:line 239
   at Kudu.Core.Infrastructure.Executable.ExecuteWithProgressWriter(ILogger logger, ITracer tracer, CancellationToken token, String arguments, Object[] args) in /tmp/KuduLite/Kudu.Core/Infrastructure/Executable.cs:line 118
   at Kudu.Core.Deployment.Generator.ExternalCommandBuilder.RunCommand(DeploymentContext context, String command, Boolean ignoreManifest, CancellationToken token, String message) in /tmp/KuduLite/Kudu.Core/Deployment/Generator/ExternalCommandBuilder.cs:line 122
   at Kudu.Core.Deployment.Generator.OryxBuilder.RunBuildCommand(IOryxArguments args, DeploymentContext context, CancellationToken token) in /tmp/KuduLite/Kudu.Core/Deployment/Generator/OryxBuilder.cs:line 295
   at Kudu.Core.Deployment.Generator.OryxBuilder.Build(DeploymentContext context, CancellationToken token) in /tmp/KuduLite/Kudu.Core/Deployment/Generator/OryxBuilder.cs:line 136
   at Kudu.Core.Deployment.DeploymentManager.Build(ChangeSet changeSet, ITracer tracer, IDisposable deployStep, IRepository repository, DeploymentInfoBase deploymentInfo, DeploymentAnalytics deploymentAnalytics, Boolean fullBuildByDefault, CancellationToken cancellationToken) in /tmp/KuduLite/Kudu.Core/Deployment/DeploymentManager.cs:line 771
   at Kudu.Core.Deployment.DeploymentManager.Build(ChangeSet changeSet, ITracer tracer, IDisposable deployStep, IRepository repository, DeploymentInfoBase deploymentInfo, DeploymentAnalytics deploymentAnalytics, Boolean fullBuildByDefault, CancellationToken cancellationToken) in /tmp/KuduLite/Kudu.Core/Deployment/DeploymentManager.cs:line 840
   at Kudu.Core.Deployment.DeploymentManager.DeployAsync(IRepository repository, ChangeSet changeSet, String deployer, Boolean clean, DeploymentInfoBase deploymentInfo, Boolean needFileUpdate, Boolean fullBuildByDefault) in /tmp/KuduLite/Kudu.Core/Deployment/DeploymentManager.cs:line 266" /><!-- duration: 40ms -->
          </step><!-- duration: 211308ms -->
          <step title="Reloading status file with latest updates" date="2026-01-02T08:31:18.476" >
            <step title="WebHooksManager.PublishEventAsync: PostDeployment" date="2026-01-02T08:31:18.515" /><!-- duration: 52ms -->
          </step><!-- duration: 94ms -->
          <step title="Error occurred" date="2026-01-02T08:31:18.574" type="error" text="Failed to compile.

app/layout.tsx
An error occurred in `next/font`.

Error: Cannot find module &apos;tailwindcss&apos;
Require stack:
- /tmp/8de49d8cf256720/node_modules/next/dist/build/webpack/config/blocks/css/plugins.js
- /tmp/8de49d8cf256720/node_modules/next/dist/build/webpack/config/blocks/css/index.js
- /tmp/8de49d8cf256720/node_modules/next/dist/build/webpack/config/index.js
- /tmp/8de49d8cf256720/node_modules/next/dist/build/webpack-config.js
- /tmp/8de49d8cf256720/node_modules/next/dist/build/webpack-build/impl.js
- /tmp/8de49d8cf256720/node_modules/next/dist/compiled/jest-worker/processChild.js
    at Module._resolveFilename (node:internal/modules/cjs/loader:1207:15)
    at /tmp/8de49d8cf256720/node_modules/next/dist/server/require-hook.js:55:36
    at Function.resolve (node:internal/modules/helpers:193:19)
    at loadPlugin (/tmp/8de49d8cf256720/node_modules/next/dist/build/webpack/config/blocks/css/plugins.js:49:32)
    at /tmp/8de49d8cf256720/node_modules/next/dist/build/webpack/config/blocks/css/plugins.js:157:56
    at Array.map (&lt;anonymous&gt;)
    at getPostCssPlugins (/tmp/8de49d8cf256720/node_modules/next/dist/build/webpack/config/blocks/css/plugins.js:157:47)
    at async /tmp/8de49d8cf256720/node_modules/next/dist/build/webpack/config/blocks/css/index.js:124:36
    at async /tmp/8de49d8cf256720/node_modules/next/dist/build/webpack/loaders/next-font-loader/index.js:86:33
    at async Span.traceAsyncFn (/tmp/8de49d8cf256720/node_modules/next/dist/trace/trace.js:154:20)

./app/add-bottle/page.tsx
Module not found: Can&apos;t resolve &apos;@/components/ui/icons&apos;

https://nextjs.org/docs/messages/module-not-found

./app/history/page.tsx
Module not found: Can&apos;t resolve &apos;@/components/ui/icons&apos;

https://nextjs.org/docs/messages/module-not-found

./app/settings/page.tsx
Module not found: Can&apos;t resolve &apos;@/components/ui/icons&apos;

https://nextjs.org/docs/messages/module-not-found

./app/settings/page.tsx
Module not found: Can&apos;t resolve &apos;@/providers/theme-provider&apos;

https://nextjs.org/docs/messages/module-not-found


&gt; Build failed because of webpack errors
/bin/bash -c &quot;oryx build /tmp/zipdeploy/extracted -o /home/site/wwwroot --platform nodejs --platform-version 20 -p virtualenv_name= --log-file /tmp/build-debug.log  -i /tmp/8de49d8cf256720 -p compress_node_modules=tar-gz | tee /tmp/oryx-build.log ; exit $PIPESTATUS &quot;" stackTrace="   at Kudu.Core.Infrastructure.Executable.ExecuteInternal(ITracer tracer, Func`2 onWriteOutput, Func`2 onWriteError, CancellationToken token, Encoding encoding, String arguments, Object[] args) in /tmp/KuduLite/Kudu.Core/Infrastructure/Executable.cs:line 239
   at Kudu.Core.Infrastructure.Executable.ExecuteWithProgressWriter(ILogger logger, ITracer tracer, CancellationToken token, String arguments, Object[] args) in /tmp/KuduLite/Kudu.Core/Infrastructure/Executable.cs:line 118
   at Kudu.Core.Deployment.Generator.ExternalCommandBuilder.RunCommand(DeploymentContext context, String command, Boolean ignoreManifest, CancellationToken token, String message) in /tmp/KuduLite/Kudu.Core/Deployment/Generator/ExternalCommandBuilder.cs:line 122
   at Kudu.Core.Deployment.Generator.OryxBuilder.RunBuildCommand(IOryxArguments args, DeploymentContext context, CancellationToken token) in /tmp/KuduLite/Kudu.Core/Deployment/Generator/OryxBuilder.cs:line 295
   at Kudu.Core.Deployment.Generator.OryxBuilder.Build(DeploymentContext context, CancellationToken token) in /tmp/KuduLite/Kudu.Core/Deployment/Generator/OryxBuilder.cs:line 136
   at Kudu.Core.Deployment.DeploymentManager.Build(ChangeSet changeSet, ITracer tracer, IDisposable deployStep, IRepository repository, DeploymentInfoBase deploymentInfo, DeploymentAnalytics deploymentAnalytics, Boolean fullBuildByDefault, CancellationToken cancellationToken) in /tmp/KuduLite/Kudu.Core/Deployment/DeploymentManager.cs:line 771
   at Kudu.Core.Deployment.DeploymentManager.Build(ChangeSet changeSet, ITracer tracer, IDisposable deployStep, IRepository repository, DeploymentInfoBase deploymentInfo, DeploymentAnalytics deploymentAnalytics, Boolean fullBuildByDefault, CancellationToken cancellationToken) in /tmp/KuduLite/Kudu.Core/Deployment/DeploymentManager.cs:line 840
   at Kudu.Core.Deployment.DeploymentManager.DeployAsync(IRepository repository, ChangeSet changeSet, String deployer, Boolean clean, DeploymentInfoBase deploymentInfo, Boolean needFileUpdate, Boolean fullBuildByDefault) in /tmp/KuduLite/Kudu.Core/Deployment/DeploymentManager.cs:line 266" /><!-- duration: 11ms -->
          <step title="Marking deployment as failed and cleaning up the temp deployment" date="2026-01-02T08:31:18.789" /><!-- duration: 10ms -->
        </step><!-- duration: 213906ms -->
      </step><!-- duration: 213941ms -->
      <step title="Error occurred" date="2026-01-02T08:31:19.083" type="error" text="Deployment failed" stackTrace="   at Kudu.Core.Deployment.DeploymentManager.DeployAsync(IRepository repository, ChangeSet changeSet, String deployer, Boolean clean, DeploymentInfoBase deploymentInfo, Boolean needFileUpdate, Boolean fullBuildByDefault) in /tmp/KuduLite/Kudu.Core/Deployment/DeploymentManager.cs:line 307
   at Kudu.Core.Deployment.FetchDeploymentManager.PerformDeployment(DeploymentInfoBase deploymentInfo, IDisposable tempDeployment, ChangeSet tempChangeSet, DeployStatusApiResult updateStatusObj) in /tmp/KuduLite/Kudu.Core/Deployment/FetchDeploymentManager.cs:line 230
   at Kudu.Core.Deployment.FetchDeploymentManager.&lt;&gt;c__DisplayClass17_0.&lt;&lt;FetchDeploy&gt;b__0&gt;d.MoveNext() in /tmp/KuduLite/Kudu.Core/Deployment/FetchDeploymentManager.cs:line 131
--- End of stack trace from previous location ---
   at Kudu.Core.Deployment.FetchDeploymentManager.FetchDeploy(DeploymentInfoBase deployInfo, Boolean asyncRequested, Uri requestUri, String targetBranch) in /tmp/KuduLite/Kudu.Core/Deployment/FetchDeploymentManager.cs:line 124
   at Kudu.Services.Deployment.PushDeploymentController.PushDeployAsync(ArtifactDeploymentInfo deploymentInfo, Boolean isAsync, HttpContext context, JObject requestJson) in /tmp/KuduLite/Kudu.Services/Deployment/PushDeploymentController.cs:line 802
   at Kudu.Services.Deployment.PushDeploymentController.OneDeploy(String type, Boolean async, String path, Nullable`1 restart, Nullable`1 clean, Boolean ignoreStack, Boolean trackDeploymentProgress, Boolean trackStatus, Boolean reset) in /tmp/KuduLite/Kudu.Services/Deployment/PushDeploymentController.cs:line 624
   at Microsoft.AspNetCore.Mvc.Infrastructure.ActionMethodExecutor.TaskOfIActionResultExecutor.Execute(ActionContext actionContext, IActionResultTypeMapper mapper, ObjectMethodExecutor executor, Object controller, Object[] arguments)
   at Microsoft.AspNetCore.Mvc.Infrastructure.ControllerActionInvoker.&lt;InvokeActionMethodAsync&gt;g__Awaited|12_0(ControllerActionInvoker invoker, ValueTask`1 actionResultValueTask)
   at Microsoft.AspNetCore.Mvc.Infrastructure.ControllerActionInvoker.&lt;InvokeNextActionFilterAsync&gt;g__Awaited|10_0(ControllerActionInvoker invoker, Task lastTask, State next, Scope scope, Object state, Boolean isCompleted)
   at Microsoft.AspNetCore.Mvc.Infrastructure.ControllerActionInvoker.Rethrow(ActionExecutedContextSealed context)
   at Microsoft.AspNetCore.Mvc.Infrastructure.ControllerActionInvoker.Next(State&amp; next, Scope&amp; scope, Object&amp; state, Boolean&amp; isCompleted)
   at Microsoft.AspNetCore.Mvc.Infrastructure.ControllerActionInvoker.&lt;InvokeInnerFilterAsync&gt;g__Awaited|13_0(ControllerActionInvoker invoker, Task lastTask, State next, Scope scope, Object state, Boolean isCompleted)
   at Microsoft.AspNetCore.Mvc.Infrastructure.ResourceInvoker.&lt;InvokeNextResourceFilter&gt;g__Awaited|25_0(ResourceInvoker invoker, Task lastTask, State next, Scope scope, Object state, Boolean isCompleted)
   at Microsoft.AspNetCore.Mvc.Infrastructure.ResourceInvoker.Rethrow(ResourceExecutedContextSealed context)
   at Microsoft.AspNetCore.Mvc.Infrastructure.ResourceInvoker.Next(State&amp; next, Scope&amp; scope, Object&amp; state, Boolean&amp; isCompleted)
   at Microsoft.AspNetCore.Mvc.Infrastructure.ResourceInvoker.&lt;InvokeFilterPipelineAsync&gt;g__Awaited|20_0(ResourceInvoker invoker, Task lastTask, State next, Scope scope, Object state, Boolean isCompleted)
   at Microsoft.AspNetCore.Mvc.Infrastructure.ResourceInvoker.&lt;InvokeAsync&gt;g__Awaited|17_0(ResourceInvoker invoker, Task task, IDisposable scope)
   at Microsoft.AspNetCore.Mvc.Infrastructure.ResourceInvoker.&lt;InvokeAsync&gt;g__Awaited|17_0(ResourceInvoker invoker, Task task, IDisposable scope)
   at Microsoft.AspNetCore.Builder.RouterMiddleware.Invoke(HttpContext httpContext)
   at Kudu.Services.Web.Tracing.TraceMiddleware.Invoke(HttpContext context) in /tmp/KuduLite/Kudu.Services.Web/Tracing/TraceMiddleware.cs:line 101" innerText="Failed to compile.

app/layout.tsx
An error occurred in `next/font`.

Error: Cannot find module &apos;tailwindcss&apos;
Require stack:
- /tmp/8de49d8cf256720/node_modules/next/dist/build/webpack/config/blocks/css/plugins.js
- /tmp/8de49d8cf256720/node_modules/next/dist/build/webpack/config/blocks/css/index.js
- /tmp/8de49d8cf256720/node_modules/next/dist/build/webpack/config/index.js
- /tmp/8de49d8cf256720/node_modules/next/dist/build/webpack-config.js
- /tmp/8de49d8cf256720/node_modules/next/dist/build/webpack-build/impl.js
- /tmp/8de49d8cf256720/node_modules/next/dist/compiled/jest-worker/processChild.js
    at Module._resolveFilename (node:internal/modules/cjs/loader:1207:15)
    at /tmp/8de49d8cf256720/node_modules/next/dist/server/require-hook.js:55:36
    at Function.resolve (node:internal/modules/helpers:193:19)
    at loadPlugin (/tmp/8de49d8cf256720/node_modules/next/dist/build/webpack/config/blocks/css/plugins.js:49:32)
    at /tmp/8de49d8cf256720/node_modules/next/dist/build/webpack/config/blocks/css/plugins.js:157:56
    at Array.map (&lt;anonymous&gt;)
    at getPostCssPlugins (/tmp/8de49d8cf256720/node_modules/next/dist/build/webpack/config/blocks/css/plugins.js:157:47)
    at async /tmp/8de49d8cf256720/node_modules/next/dist/build/webpack/config/blocks/css/index.js:124:36
    at async /tmp/8de49d8cf256720/node_modules/next/dist/build/webpack/loaders/next-font-loader/index.js:86:33
    at async Span.traceAsyncFn (/tmp/8de49d8cf256720/node_modules/next/dist/trace/trace.js:154:20)

./app/add-bottle/page.tsx
Module not found: Can&apos;t resolve &apos;@/components/ui/icons&apos;

https://nextjs.org/docs/messages/module-not-found

./app/history/page.tsx
Module not found: Can&apos;t resolve &apos;@/components/ui/icons&apos;

https://nextjs.org/docs/messages/module-not-found

./app/settings/page.tsx
Module not found: Can&apos;t resolve &apos;@/components/ui/icons&apos;

https://nextjs.org/docs/messages/module-not-found

./app/settings/page.tsx
Module not found: Can&apos;t resolve &apos;@/providers/theme-provider&apos;

https://nextjs.org/docs/messages/module-not-found


&gt; Build failed because of webpack errors
/bin/bash -c &quot;oryx build /tmp/zipdeploy/extracted -o /home/site/wwwroot --platform nodejs --platform-version 20 -p virtualenv_name= --log-file /tmp/build-debug.log  -i /tmp/8de49d8cf256720 -p compress_node_modules=tar-gz | tee /tmp/oryx-build.log ; exit $PIPESTATUS &quot;" innerStackTrace="   at Kudu.Core.Infrastructure.Executable.ExecuteInternal(ITracer tracer, Func`2 onWriteOutput, Func`2 onWriteError, CancellationToken token, Encoding encoding, String arguments, Object[] args) in /tmp/KuduLite/Kudu.Core/Infrastructure/Executable.cs:line 239
   at Kudu.Core.Infrastructure.Executable.ExecuteWithProgressWriter(ILogger logger, ITracer tracer, CancellationToken token, String arguments, Object[] args) in /tmp/KuduLite/Kudu.Core/Infrastructure/Executable.cs:line 118
   at Kudu.Core.Deployment.Generator.ExternalCommandBuilder.RunCommand(DeploymentContext context, String command, Boolean ignoreManifest, CancellationToken token, String message) in /tmp/KuduLite/Kudu.Core/Deployment/Generator/ExternalCommandBuilder.cs:line 122
   at Kudu.Core.Deployment.Generator.OryxBuilder.RunBuildCommand(IOryxArguments args, DeploymentContext context, CancellationToken token) in /tmp/KuduLite/Kudu.Core/Deployment/Generator/OryxBuilder.cs:line 295
   at Kudu.Core.Deployment.Generator.OryxBuilder.Build(DeploymentContext context, CancellationToken token) in /tmp/KuduLite/Kudu.Core/Deployment/Generator/OryxBuilder.cs:line 136
   at Kudu.Core.Deployment.DeploymentManager.Build(ChangeSet changeSet, ITracer tracer, IDisposable deployStep, IRepository repository, DeploymentInfoBase deploymentInfo, DeploymentAnalytics deploymentAnalytics, Boolean fullBuildByDefault, CancellationToken cancellationToken) in /tmp/KuduLite/Kudu.Core/Deployment/DeploymentManager.cs:line 771
   at Kudu.Core.Deployment.DeploymentManager.Build(ChangeSet changeSet, ITracer tracer, IDisposable deployStep, IRepository repository, DeploymentInfoBase deploymentInfo, DeploymentAnalytics deploymentAnalytics, Boolean fullBuildByDefault, CancellationToken cancellationToken) in /tmp/KuduLite/Kudu.Core/Deployment/DeploymentManager.cs:line 840
   at Kudu.Core.Deployment.DeploymentManager.DeployAsync(IRepository repository, ChangeSet changeSet, String deployer, Boolean clean, DeploymentInfoBase deploymentInfo, Boolean needFileUpdate, Boolean fullBuildByDefault) in /tmp/KuduLite/Kudu.Core/Deployment/DeploymentManager.cs:line 266" /><!-- duration: 41ms -->
      <step title="Incoming Request" date="2026-01-02T08:31:19.179" url="/Error?type=zip" method="POST" type="request" pid="833,1,27" Accept="*/*" Host="pipr-app.scm.azurewebsites.net" User-Agent="AZURECLI/2.75.0 (MSI)" Accept-Encoding="gzip, deflate" Authorization="Bea..." Cache-Control="no-cache" Content-Type="application/octet-stream" Cookie="ARRAffinity=7394f0e5216b0afbb461a38e3354dc7b562f137c3c859bfa9a02feb0b4185e26; ARRAffinitySameSite=7394f0e5216b0afbb461a38e3354dc7b562f137c3c859bfa9a02feb0b4185e26" Content-Length="72375" x-ms-client-request-id="d93ea0cf-e7b4-11f0-8233-010101010000" x-ms-artifact-checksum="0ec1bcfd42f8a54af4f0abff932f6391fd3b9099f1c19b4f2dd4566d26ef95d8" X-ARR-LOG-ID="d93ea0cf-e7b4-11f0-8233-010101010000" CLIENT-IP="20.110.218.7:11139" X-SITE-DEPLOYMENT-ID="pipr-app" WAS-DEFAULT-HOSTNAME="pipr-app.scm.azurewebsites.net" X-Forwarded-Proto="https" X-AppService-Proto="https" X-Forwarded-TlsVersion="1.3" X-WAWS-Unencoded-URL="/api/publish?type=zip" X-Client-IP="20.110.218.7" X-Client-Port="11139" >
        <step title="Outgoing response" date="2026-01-02T08:31:19.253" type="response" statusCode="400" statusText="BadRequest" /><!-- duration: 6ms -->
      </step><!-- duration: 86ms -->
